Feature,Importance
Product Name,0.2394952683885675
Sub-Category,0.15921899644875245
Quantity,0.08510263880640781
Postal Code,0.08132640933674791
Shipping Days,0.07554629940009754
Category,0.06677978013739426
Order Month,0.05805943345412321
City,0.04822154366143728
Order Day,0.04513472342858468
State,0.03305603469580499
Discount,0.03062181346776913
Order Year,0.02241273630377832
Region,0.019449984022290194
Segment,0.01900825413560118
Ship Mode,0.01656608431264363
Country,0.0
